frame.number,frame.time,ip.src,ip.dst,tcp.srcport,tcp.dstport,udp.srcport,udp.dstport,http.request.method,http.host,http.request.uri,http.response.code,dns.qry.name,dns.a
"1","Feb 27, 2024 00:03:08.830780000 PST",,,,,,,,,,,,
"2","Feb 27, 2024 00:03:08.835441000 PST",,,,,,,,,,,,
"3","Feb 27, 2024 00:03:08.933646000 PST",,,,,,,,,,,,
"4","Feb 27, 2024 00:03:08.933754000 PST",,,,,,,,,,,,
"5","Feb 27, 2024 00:03:09.036140000 PST",,,,,,,,,,,,
"6","Feb 27, 2024 00:03:09.037364000 PST",,,,,,,,,,,,
"7","Feb 27, 2024 00:03:09.038437000 PST",,,,,,,,,,,,
"8","Feb 27, 2024 00:03:09.040729000 PST",,,,,,,,,,,,
"9","Feb 27, 2024 00:03:09.040785000 PST",,,,,,,,,,,,
"10","Feb 27, 2024 00:03:11.273947000 PST","192.168.254.9","172.217.12.142",,,"52433","443",,,,,,
"11","Feb 27, 2024 00:03:11.274619000 PST","192.168.254.9","172.217.12.142",,,"52433","443",,,,,,
"12","Feb 27, 2024 00:03:11.275531000 PST","192.168.254.9","172.217.12.142",,,"52433","443",,,,,,
"13","Feb 27, 2024 00:03:11.275702000 PST","192.168.254.9","172.217.12.142",,,"52433","443",,,,,,
"14","Feb 27, 2024 00:03:11.275918000 PST","192.168.254.9","172.217.12.142",,,"52433","443",,,,,,
"15","Feb 27, 2024 00:03:11.276032000 PST","192.168.254.9","172.217.12.142",,,"52433","443",,,,,,
"16","Feb 27, 2024 00:03:11.526244000 PST","172.217.12.142","192.168.254.9",,,"443","52433",,,,,,
"17","Feb 27, 2024 00:03:11.526244000 PST","172.217.12.142","192.168.254.9",,,"443","52433",,,,,,
"18","Feb 27, 2024 00:03:11.526419000 PST","172.217.12.142","192.168.254.9",,,"443","52433",,,,,,
"19","Feb 27, 2024 00:03:11.527069000 PST","172.217.12.142","192.168.254.9",,,"443","52433",,,,,,
"20","Feb 27, 2024 00:03:11.527645000 PST","192.168.254.9","172.217.12.142",,,"52433","443",,,,,,
"21","Feb 27, 2024 00:03:11.527969000 PST","192.168.254.9","172.217.12.142",,,"52433","443",,,,,,
"22","Feb 27, 2024 00:03:11.554458000 PST","192.168.254.9","172.217.12.142",,,"52433","443",,,,,,
"23","Feb 27, 2024 00:03:11.558247000 PST","172.217.12.142","192.168.254.9",,,"443","52433",,,,,,
"24","Feb 27, 2024 00:03:11.558247000 PST","172.217.12.142","192.168.254.9",,,"443","52433",,,,,,
"25","Feb 27, 2024 00:03:11.559004000 PST","192.168.254.9","172.217.12.142",,,"52433","443",,,,,,
"26","Feb 27, 2024 00:03:11.772034000 PST","172.217.12.142","192.168.254.9",,,"443","52433",,,,,,
"27","Feb 27, 2024 00:03:11.772034000 PST","172.217.12.142","192.168.254.9",,,"443","52433",,,,,,
"28","Feb 27, 2024 00:03:11.773273000 PST","192.168.254.9","172.217.12.142",,,"52433","443",,,,,,
"29","Feb 27, 2024 00:03:12.015996000 PST","172.217.12.142","192.168.254.9",,,"443","52433",,,,,,
"30","Feb 27, 2024 00:03:13.946326000 PST",,,,,,,,,,,,
"31","Feb 27, 2024 00:03:13.947726000 PST",,,,,,,,,,,,
"32","Feb 27, 2024 00:03:13.948123000 PST",,,,,,,,,,,,
"33","Feb 27, 2024 00:03:13.949488000 PST",,,,,,,,,,,,
"34","Feb 27, 2024 00:03:13.949488000 PST",,,,,,,,,,,,
"35","Feb 27, 2024 00:03:13.949530000 PST",,,,,,,,,,,,
"36","Feb 27, 2024 00:03:13.949778000 PST",,,,,,,,,,,,
"37","Feb 27, 2024 00:03:13.975939000 PST","192.168.254.254","192.168.254.9",,,"53851","137",,,,,,
"38","Feb 27, 2024 00:03:13.976105000 PST","192.168.254.9","192.168.254.254",,,"137","53851",,,,,,
"39","Feb 27, 2024 00:03:15.830476000 PST",,,,,,,,,,,,
"40","Feb 27, 2024 00:03:15.836385000 PST",,,,,,,,,,,,
"41","Feb 27, 2024 00:03:18.955790000 PST",,,,,,,,,,,,
"42","Feb 27, 2024 00:03:18.957171000 PST",,,,,,,,,,,,
"43","Feb 27, 2024 00:03:18.957422000 PST",,,,,,,,,,,,
"44","Feb 27, 2024 00:03:18.959285000 PST",,,,,,,,,,,,
"45","Feb 27, 2024 00:03:18.959285000 PST",,,,,,,,,,,,
"46","Feb 27, 2024 00:03:18.959336000 PST",,,,,,,,,,,,
"47","Feb 27, 2024 00:03:18.959563000 PST",,,,,,,,,,,,
"48","Feb 27, 2024 00:03:23.964521000 PST",,,,,,,,,,,,
"49","Feb 27, 2024 00:03:23.964662000 PST",,,,,,,,,,,,
"50","Feb 27, 2024 00:03:23.987162000 PST",,,,,,,,,,,,
"51","Feb 27, 2024 00:03:23.988264000 PST",,,,,,,,,,,,
"52","Feb 27, 2024 00:03:23.989355000 PST",,,,,,,,,,,,
"53","Feb 27, 2024 00:03:23.990357000 PST",,,,,,,,,,,,
"54","Feb 27, 2024 00:03:23.990415000 PST",,,,,,,,,,,,
"55","Feb 27, 2024 00:03:28.974748000 PST",,,,,,,,,,,,
"56","Feb 27, 2024 00:03:28.976682000 PST",,,,,,,,,,,,
"57","Feb 27, 2024 00:03:28.977749000 PST",,,,,,,,,,,,
"58","Feb 27, 2024 00:03:28.978896000 PST",,,,,,,,,,,,
"59","Feb 27, 2024 00:03:28.978896000 PST",,,,,,,,,,,,
"60","Feb 27, 2024 00:03:28.978928000 PST",,,,,,,,,,,,
"61","Feb 27, 2024 00:03:28.979119000 PST",,,,,,,,,,,,
"62","Feb 27, 2024 00:03:32.261543000 PST","192.168.254.9","20.198.119.143","49721","443",,,,,,,,
"63","Feb 27, 2024 00:03:32.431904000 PST","20.198.119.143","192.168.254.9","443","49721",,,,,,,,
"64","Feb 27, 2024 00:03:32.478540000 PST","192.168.254.9","20.198.119.143","49721","443",,,,,,,,
"65","Feb 27, 2024 00:03:33.983772000 PST",,,,,,,,,,,,
"66","Feb 27, 2024 00:03:33.984979000 PST",,,,,,,,,,,,
"67","Feb 27, 2024 00:03:33.985858000 PST",,,,,,,,,,,,
"68","Feb 27, 2024 00:03:33.987173000 PST",,,,,,,,,,,,
"69","Feb 27, 2024 00:03:33.987173000 PST",,,,,,,,,,,,
"70","Feb 27, 2024 00:03:33.987212000 PST",,,,,,,,,,,,
"71","Feb 27, 2024 00:03:33.987393000 PST",,,,,,,,,,,,
"72","Feb 27, 2024 00:03:38.996594000 PST",,,,,,,,,,,,
"73","Feb 27, 2024 00:03:38.996666000 PST",,,,,,,,,,,,
"74","Feb 27, 2024 00:03:39.040660000 PST",,,,,,,,,,,,
"75","Feb 27, 2024 00:03:39.041838000 PST",,,,,,,,,,,,
"76","Feb 27, 2024 00:03:39.044021000 PST",,,,,,,,,,,,
"77","Feb 27, 2024 00:03:39.045281000 PST",,,,,,,,,,,,
"78","Feb 27, 2024 00:03:39.045308000 PST",,,,,,,,,,,,
"79","Feb 27, 2024 00:03:44.003892000 PST",,,,,,,,,,,,
"80","Feb 27, 2024 00:03:44.007228000 PST",,,,,,,,,,,,
"81","Feb 27, 2024 00:03:44.008336000 PST",,,,,,,,,,,,
"82","Feb 27, 2024 00:03:44.009366000 PST",,,,,,,,,,,,
"83","Feb 27, 2024 00:03:44.009366000 PST",,,,,,,,,,,,
"84","Feb 27, 2024 00:03:44.009412000 PST",,,,,,,,,,,,
"85","Feb 27, 2024 00:03:44.009643000 PST",,,,,,,,,,,,
"86","Feb 27, 2024 00:03:49.013981000 PST",,,,,,,,,,,,
"87","Feb 27, 2024 00:03:49.015122000 PST",,,,,,,,,,,,
"88","Feb 27, 2024 00:03:49.016116000 PST",,,,,,,,,,,,
"89","Feb 27, 2024 00:03:49.017365000 PST",,,,,,,,,,,,
"90","Feb 27, 2024 00:03:49.017365000 PST",,,,,,,,,,,,
"91","Feb 27, 2024 00:03:49.017395000 PST",,,,,,,,,,,,
"92","Feb 27, 2024 00:03:49.017515000 PST",,,,,,,,,,,,
"93","Feb 27, 2024 00:03:51.280196000 PST","192.168.254.9","172.217.12.142",,,"55073","443",,,,,,
"94","Feb 27, 2024 00:03:51.280679000 PST","192.168.254.9","172.217.12.142",,,"55073","443",,,,,,
"95","Feb 27, 2024 00:03:51.281280000 PST","192.168.254.9","172.217.12.142",,,"55073","443",,,,,,
"96","Feb 27, 2024 00:03:51.281385000 PST","192.168.254.9","172.217.12.142",,,"55073","443",,,,,,
"97","Feb 27, 2024 00:03:51.281527000 PST","192.168.254.9","172.217.12.142",,,"55073","443",,,,,,
"98","Feb 27, 2024 00:03:51.281604000 PST","192.168.254.9","172.217.12.142",,,"55073","443",,,,,,
"99","Feb 27, 2024 00:03:51.537496000 PST","172.217.12.142","192.168.254.9",,,"443","55073",,,,,,
"100","Feb 27, 2024 00:03:51.537496000 PST","172.217.12.142","192.168.254.9",,,"443","55073",,,,,,
"101","Feb 27, 2024 00:03:51.537725000 PST","172.217.12.142","192.168.254.9",,,"443","55073",,,,,,
"102","Feb 27, 2024 00:03:51.537725000 PST","172.217.12.142","192.168.254.9",,,"443","55073",,,,,,
"103","Feb 27, 2024 00:03:51.539309000 PST","192.168.254.9","172.217.12.142",,,"55073","443",,,,,,
"104","Feb 27, 2024 00:03:51.539558000 PST","192.168.254.9","172.217.12.142",,,"55073","443",,,,,,
"105","Feb 27, 2024 00:03:51.539935000 PST","192.168.254.9","172.217.12.142",,,"55073","443",,,,,,
"106","Feb 27, 2024 00:03:51.567178000 PST","192.168.254.9","172.217.12.142",,,"55073","443",,,,,,
"107","Feb 27, 2024 00:03:51.568405000 PST","172.217.12.142","192.168.254.9",,,"443","55073",,,,,,
"108","Feb 27, 2024 00:03:51.569357000 PST","172.217.12.142","192.168.254.9",,,"443","55073",,,,,,
"109","Feb 27, 2024 00:03:51.569702000 PST","192.168.254.9","172.217.12.142",,,"55073","443",,,,,,
"110","Feb 27, 2024 00:03:51.787381000 PST","172.217.12.142","192.168.254.9",,,"443","55073",,,,,,
"111","Feb 27, 2024 00:03:51.788025000 PST","192.168.254.9","172.217.12.142",,,"55073","443",,,,,,
"112","Feb 27, 2024 00:03:52.035244000 PST","172.217.12.142","192.168.254.9",,,"443","55073",,,,,,
"113","Feb 27, 2024 00:03:53.193065000 PST","192.168.254.9","192.168.254.254",,,"52664","53",,,,,"go-updater.brave.com",
"114","Feb 27, 2024 00:03:53.193252000 PST","192.168.254.9","192.168.254.254",,,"59198","53",,,,,"go-updater.brave.com",
"115","Feb 27, 2024 00:03:53.198897000 PST","192.168.254.254","192.168.254.9",,,"53","52664",,,,,"go-updater.brave.com","52.35.236.54,54.213.227.119,52.34.143.168,52.37.206.78,52.41.166.66,52.40.193.83"
"116","Feb 27, 2024 00:03:53.199136000 PST","192.168.254.254","192.168.254.9",,,"53","59198",,,,,"go-updater.brave.com",
"117","Feb 27, 2024 00:03:53.199767000 PST","192.168.254.9","52.35.236.54","49945","443",,,,,,,,
"118","Feb 27, 2024 00:03:53.456740000 PST","192.168.254.9","52.35.236.54","49946","443",,,,,,,,
"119","Feb 27, 2024 00:03:53.468890000 PST","52.35.236.54","192.168.254.9","443","49945",,,,,,,,
"120","Feb 27, 2024 00:03:53.469087000 PST","192.168.254.9","52.35.236.54","49945","443",,,,,,,,
"121","Feb 27, 2024 00:03:53.470370000 PST","192.168.254.9","52.35.236.54","49945","443",,,,,,,,
"122","Feb 27, 2024 00:03:53.736979000 PST","52.35.236.54","192.168.254.9","443","49946",,,,,,,,
"123","Feb 27, 2024 00:03:53.737042000 PST","192.168.254.9","52.35.236.54","49946","443",,,,,,,,
"124","Feb 27, 2024 00:03:53.737428000 PST","192.168.254.9","52.35.236.54","49946","443",,,,,,,,
"125","Feb 27, 2024 00:03:53.740367000 PST","52.35.236.54","192.168.254.9","443","49945",,,,,,,,
"126","Feb 27, 2024 00:03:53.740367000 PST","52.35.236.54","192.168.254.9","443","49945",,,,,,,,
"127","Feb 27, 2024 00:03:53.742775000 PST","192.168.254.9","52.35.236.54","49945","443",,,,,,,,
"128","Feb 27, 2024 00:03:53.742988000 PST","192.168.254.9","52.35.236.54","49945","443",,,,,,,,
"129","Feb 27, 2024 00:03:53.743125000 PST","192.168.254.9","52.35.236.54","49945","443",,,,,,,,
"130","Feb 27, 2024 00:03:53.743169000 PST","192.168.254.9","52.35.236.54","49945","443",,,,,,,,
"131","Feb 27, 2024 00:03:54.012537000 PST","52.35.236.54","192.168.254.9","443","49945",,,,,,,,
"132","Feb 27, 2024 00:03:54.012537000 PST","52.35.236.54","192.168.254.9","443","49945",,,,,,,,
"133","Feb 27, 2024 00:03:54.012970000 PST","192.168.254.9","52.35.236.54","49945","443",,,,,,,,
"134","Feb 27, 2024 00:03:54.013563000 PST","52.35.236.54","192.168.254.9","443","49945",,,,,,,,
"135","Feb 27, 2024 00:03:54.013563000 PST","52.35.236.54","192.168.254.9","443","49945",,,,,,,,
"136","Feb 27, 2024 00:03:54.013632000 PST","192.168.254.9","52.35.236.54","49945","443",,,,,,,,
"137","Feb 27, 2024 00:03:54.017370000 PST","52.35.236.54","192.168.254.9","443","49946",,,,,,,,
"138","Feb 27, 2024 00:03:54.017370000 PST","52.35.236.54","192.168.254.9","443","49946",,,,,,,,
"139","Feb 27, 2024 00:03:54.017879000 PST","192.168.254.9","52.35.236.54","49946","443",,,,,,,,
"140","Feb 27, 2024 00:03:54.023563000 PST",,,,,,,,,,,,
"141","Feb 27, 2024 00:03:54.023634000 PST",,,,,,,,,,,,
"142","Feb 27, 2024 00:03:54.092709000 PST",,,,,,,,,,,,
"143","Feb 27, 2024 00:03:54.094178000 PST",,,,,,,,,,,,
"144","Feb 27, 2024 00:03:54.095230000 PST",,,,,,,,,,,,
"145","Feb 27, 2024 00:03:54.298929000 PST","52.35.236.54","192.168.254.9","443","49946",,,,,,,,
"146","Feb 27, 2024 00:03:54.298929000 PST","52.35.236.54","192.168.254.9","443","49946",,,,,,,,
"147","Feb 27, 2024 00:03:54.324673000 PST","52.35.236.54","192.168.254.9","443","49945",,,,,,,,
"148","Feb 27, 2024 00:03:54.343826000 PST","192.168.254.9","52.35.236.54","49946","443",,,,,,,,
"149","Feb 27, 2024 00:03:58.832841000 PST",,,,,,,,,,,,
"150","Feb 27, 2024 00:03:58.835220000 PST",,,,,,,,,,,,
"151","Feb 27, 2024 00:03:59.034002000 PST",,,,,,,,,,,,
"152","Feb 27, 2024 00:03:59.037143000 PST",,,,,,,,,,,,
"153","Feb 27, 2024 00:03:59.038335000 PST",,,,,,,,,,,,
"154","Feb 27, 2024 00:03:59.039602000 PST",,,,,,,,,,,,
"155","Feb 27, 2024 00:03:59.039661000 PST",,,,,,,,,,,,
"156","Feb 27, 2024 00:03:59.042978000 PST",,,,,,,,,,,,
"157","Feb 27, 2024 00:03:59.043107000 PST",,,,,,,,,,,,
"158","Feb 27, 2024 00:04:04.014084000 PST","52.35.236.54","192.168.254.9","443","49945",,,,,,,,
"159","Feb 27, 2024 00:04:04.014084000 PST","52.35.236.54","192.168.254.9","443","49945",,,,,,,,
"160","Feb 27, 2024 00:04:04.014084000 PST","52.35.236.54","192.168.254.9","443","49945",,,,,,,,
"161","Feb 27, 2024 00:04:04.014185000 PST","192.168.254.9","52.35.236.54","49945","443",,,,,,,,
"162","Feb 27, 2024 00:04:04.014592000 PST","192.168.254.9","52.35.236.54","49945","443",,,,,,,,
"163","Feb 27, 2024 00:04:04.017020000 PST","52.35.236.54","192.168.254.9","443","49946",,,,,,,,
"164","Feb 27, 2024 00:04:04.017020000 PST","52.35.236.54","192.168.254.9","443","49946",,,,,,,,
"165","Feb 27, 2024 00:04:04.017105000 PST","192.168.254.9","52.35.236.54","49946","443",,,,,,,,
"166","Feb 27, 2024 00:04:04.017253000 PST","52.35.236.54","192.168.254.9","443","49946",,,,,,,,
"167","Feb 27, 2024 00:04:04.017288000 PST","192.168.254.9","52.35.236.54","49946","443",,,,,,,,
"168","Feb 27, 2024 00:04:04.044078000 PST",,,,,,,,,,,,
"169","Feb 27, 2024 00:04:04.044188000 PST",,,,,,,,,,,,
"170","Feb 27, 2024 00:04:04.128120000 PST",,,,,,,,,,,,
"171","Feb 27, 2024 00:04:04.129205000 PST",,,,,,,,,,,,
"172","Feb 27, 2024 00:04:04.131547000 PST",,,,,,,,,,,,
"173","Feb 27, 2024 00:04:04.131586000 PST",,,,,,,,,,,,
"174","Feb 27, 2024 00:04:04.283883000 PST","52.35.236.54","192.168.254.9","443","49945",,,,,,,,
"175","Feb 27, 2024 00:04:09.054395000 PST",,,,,,,,,,,,
"176","Feb 27, 2024 00:04:09.054528000 PST",,,,,,,,,,,,
"177","Feb 27, 2024 00:04:09.145219000 PST",,,,,,,,,,,,
"178","Feb 27, 2024 00:04:09.146319000 PST",,,,,,,,,,,,
"179","Feb 27, 2024 00:04:09.149939000 PST",,,,,,,,,,,,
"180","Feb 27, 2024 00:04:09.151053000 PST",,,,,,,,,,,,
"181","Feb 27, 2024 00:04:09.151111000 PST",,,,,,,,,,,,
"182","Feb 27, 2024 00:04:14.057731000 PST",,,,,,,,,,,,
"183","Feb 27, 2024 00:04:14.058550000 PST",,,,,,,,,,,,
"184","Feb 27, 2024 00:04:14.059588000 PST",,,,,,,,,,,,
"185","Feb 27, 2024 00:04:14.060825000 PST",,,,,,,,,,,,
"186","Feb 27, 2024 00:04:14.060825000 PST",,,,,,,,,,,,
"187","Feb 27, 2024 00:04:14.060870000 PST",,,,,,,,,,,,
"188","Feb 27, 2024 00:04:14.061135000 PST",,,,,,,,,,,,
"189","Feb 27, 2024 00:04:17.285958000 PST","192.168.254.9","20.198.119.143","49721","443",,,,,,,,
"190","Feb 27, 2024 00:04:17.455517000 PST","20.198.119.143","192.168.254.9","443","49721",,,,,,,,
"191","Feb 27, 2024 00:04:17.504703000 PST","192.168.254.9","20.198.119.143","49721","443",,,,,,,,
"192","Feb 27, 2024 00:04:19.063890000 PST",,,,,,,,,,,,
"193","Feb 27, 2024 00:04:19.065081000 PST",,,,,,,,,,,,
"194","Feb 27, 2024 00:04:19.066059000 PST",,,,,,,,,,,,
"195","Feb 27, 2024 00:04:19.067100000 PST",,,,,,,,,,,,
"196","Feb 27, 2024 00:04:19.067100000 PST",,,,,,,,,,,,
"197","Feb 27, 2024 00:04:19.067126000 PST",,,,,,,,,,,,
"198","Feb 27, 2024 00:04:19.067248000 PST",,,,,,,,,,,,
"199","Feb 27, 2024 00:04:24.073486000 PST",,,,,,,,,,,,
"200","Feb 27, 2024 00:04:24.073548000 PST",,,,,,,,,,,,
"201","Feb 27, 2024 00:04:24.095754000 PST",,,,,,,,,,,,
"202","Feb 27, 2024 00:04:24.096906000 PST",,,,,,,,,,,,
"203","Feb 27, 2024 00:04:24.098358000 PST",,,,,,,,,,,,
"204","Feb 27, 2024 00:04:24.100639000 PST",,,,,,,,,,,,
"205","Feb 27, 2024 00:04:24.100666000 PST",,,,,,,,,,,,
"206","Feb 27, 2024 00:04:29.086819000 PST",,,,,,,,,,,,
"207","Feb 27, 2024 00:04:29.091034000 PST",,,,,,,,,,,,
"208","Feb 27, 2024 00:04:29.092022000 PST",,,,,,,,,,,,
"209","Feb 27, 2024 00:04:29.093040000 PST",,,,,,,,,,,,
"210","Feb 27, 2024 00:04:29.093040000 PST",,,,,,,,,,,,
"211","Feb 27, 2024 00:04:29.093103000 PST",,,,,,,,,,,,
"212","Feb 27, 2024 00:04:29.093386000 PST",,,,,,,,,,,,
"213","Feb 27, 2024 00:04:29.101462000 PST","192.168.254.254","192.168.254.9",,,"53851","137",,,,,,
"214","Feb 27, 2024 00:04:29.101657000 PST","192.168.254.9","192.168.254.254",,,"137","53851",,,,,,
"215","Feb 27, 2024 00:04:31.118245000 PST","51.104.167.48","192.168.254.9","443","49944",,,,,,,,
"216","Feb 27, 2024 00:04:34.094246000 PST",,,,,,,,,,,,
"217","Feb 27, 2024 00:04:34.095319000 PST",,,,,,,,,,,,
"218","Feb 27, 2024 00:04:34.096327000 PST",,,,,,,,,,,,
"219","Feb 27, 2024 00:04:34.097548000 PST",,,,,,,,,,,,
"220","Feb 27, 2024 00:04:34.097548000 PST",,,,,,,,,,,,
"221","Feb 27, 2024 00:04:34.097612000 PST",,,,,,,,,,,,
"222","Feb 27, 2024 00:04:34.097913000 PST",,,,,,,,,,,,
"223","Feb 27, 2024 00:04:37.044316000 PST","192.168.254.254","224.0.0.1",,,,,,,,,,
"224","Feb 27, 2024 00:04:37.045060000 PST","192.168.254.254","224.0.0.1",,,,,,,,,,
"225","Feb 27, 2024 00:04:37.045927000 PST","192.168.254.254","224.0.0.1",,,,,,,,,,
"226","Feb 27, 2024 00:04:37.325569000 PST","192.168.254.9","239.255.255.250",,,,,,,,,,
"227","Feb 27, 2024 00:04:37.325728000 PST","192.168.254.9","224.0.0.251",,,,,,,,,,
"228","Feb 27, 2024 00:04:37.325826000 PST","192.168.254.9","224.0.0.252",,,,,,,,,,
"229","Feb 27, 2024 00:04:37.407245000 PST","192.168.254.9","239.255.255.250",,,,,,,,,,
"230","Feb 27, 2024 00:04:37.408216000 PST","192.168.254.9","239.255.255.250",,,,,,,,,,
"231","Feb 27, 2024 00:04:37.409173000 PST","192.168.254.9","239.255.255.250",,,,,,,,,,
"232","Feb 27, 2024 00:04:39.103852000 PST",,,,,,,,,,,,
"233","Feb 27, 2024 00:04:39.103914000 PST",,,,,,,,,,,,
"234","Feb 27, 2024 00:04:39.148513000 PST",,,,,,,,,,,,
"235","Feb 27, 2024 00:04:39.149690000 PST",,,,,,,,,,,,
"236","Feb 27, 2024 00:04:39.150743000 PST",,,,,,,,,,,,
"237","Feb 27, 2024 00:04:39.152033000 PST",,,,,,,,,,,,
"238","Feb 27, 2024 00:04:39.152052000 PST",,,,,,,,,,,,
"239","Feb 27, 2024 00:04:42.457900000 PST","192.168.254.9","192.168.254.254",,,"50876","53",,,,,"www.google-analytics.com",
"240","Feb 27, 2024 00:04:42.466228000 PST","192.168.254.254","192.168.254.9",,,"53","50876",,,,,"www.google-analytics.com","142.250.68.46"
"241","Feb 27, 2024 00:04:42.469553000 PST","192.168.254.9","142.250.68.46","49947","443",,,,,,,,
"242","Feb 27, 2024 00:04:42.469703000 PST","192.168.254.9","142.250.68.46","49948","443",,,,,,,,
"243","Feb 27, 2024 00:04:42.711387000 PST","142.250.68.46","192.168.254.9","443","49948",,,,,,,,
"244","Feb 27, 2024 00:04:42.711446000 PST","192.168.254.9","142.250.68.46","49948","443",,,,,,,,
"245","Feb 27, 2024 00:04:42.711934000 PST","142.250.68.46","192.168.254.9","443","49947",,,,,,,,
"246","Feb 27, 2024 00:04:42.711967000 PST","192.168.254.9","142.250.68.46","49947","443",,,,,,,,
"247","Feb 27, 2024 00:04:42.712781000 PST","192.168.254.9","142.250.68.46","49947","443",,,,,,,,
"248","Feb 27, 2024 00:04:42.712786000 PST","192.168.254.9","142.250.68.46","49948","443",,,,,,,,
"249","Feb 27, 2024 00:04:42.736323000 PST","192.168.254.9","142.250.68.46","49947","443",,,,,,,,
"250","Feb 27, 2024 00:04:42.736410000 PST","192.168.254.9","142.250.68.46","49948","443",,,,,,,,
"251","Feb 27, 2024 00:04:42.953600000 PST","142.250.68.46","192.168.254.9","443","49948",,,,,,,,
"252","Feb 27, 2024 00:04:42.954579000 PST","142.250.68.46","192.168.254.9","443","49947",,,,,,,,
"253","Feb 27, 2024 00:04:42.959079000 PST","142.250.68.46","192.168.254.9","443","49948",,,,,,,,
"254","Feb 27, 2024 00:04:42.959079000 PST","142.250.68.46","192.168.254.9","443","49948",,,,,,,,
"255","Feb 27, 2024 00:04:42.959116000 PST","192.168.254.9","142.250.68.46","49948","443",,,,,,,,
"256","Feb 27, 2024 00:04:42.959432000 PST","142.250.68.46","192.168.254.9","443","49948",,,,,,,,
"257","Feb 27, 2024 00:04:42.959432000 PST","142.250.68.46","192.168.254.9","443","49948",,,,,,,,
"258","Feb 27, 2024 00:04:42.961928000 PST","142.250.68.46","192.168.254.9","443","49947",,,,,,,,
"259","Feb 27, 2024 00:04:42.961928000 PST","142.250.68.46","192.168.254.9","443","49947",,,,,,,,
"260","Feb 27, 2024 00:04:42.961973000 PST","192.168.254.9","142.250.68.46","49947","443",,,,,,,,
"261","Feb 27, 2024 00:04:42.962213000 PST","142.250.68.46","192.168.254.9","443","49947",,,,,,,,
"262","Feb 27, 2024 00:04:42.962213000 PST","142.250.68.46","192.168.254.9","443","49947",,,,,,,,
"263","Feb 27, 2024 00:04:42.977513000 PST","142.250.68.46","192.168.254.9","443","49948",,,,,,,,
"264","Feb 27, 2024 00:04:42.977933000 PST","192.168.254.9","142.250.68.46","49949","443",,,,,,,,
"265","Feb 27, 2024 00:04:42.978086000 PST","192.168.254.9","142.250.68.46","49950","443",,,,,,,,
"266","Feb 27, 2024 00:04:42.978654000 PST","142.250.68.46","192.168.254.9","443","49947",,,,,,,,
"267","Feb 27, 2024 00:04:43.018941000 PST","192.168.254.9","192.168.254.254",,,"55039","53",,,,,"wdl1.pcfg.cache.wpscdn.com",
"268","Feb 27, 2024 00:04:43.024458000 PST","192.168.254.254","192.168.254.9",,,"53","55039",,,,,"wdl1.pcfg.cache.wpscdn.com","104.16.84.69,104.16.83.69"
"269","Feb 27, 2024 00:04:43.027861000 PST","192.168.254.9","104.16.84.69","49951","443",,,,,,,,
"270","Feb 27, 2024 00:04:43.033923000 PST","104.16.84.69","192.168.254.9","443","49951",,,,,,,,
"271","Feb 27, 2024 00:04:43.033979000 PST","192.168.254.9","104.16.84.69","49951","443",,,,,,,,
"272","Feb 27, 2024 00:04:43.076770000 PST","192.168.254.9","104.16.84.69","49951","443",,,,,,,,
"273","Feb 27, 2024 00:04:43.082878000 PST","104.16.84.69","192.168.254.9","443","49951",,,,,,,,
"274","Feb 27, 2024 00:04:43.085378000 PST","104.16.84.69","192.168.254.9","443","49951",,,,,,,,
"275","Feb 27, 2024 00:04:43.088721000 PST","104.16.84.69","192.168.254.9","443","49951",,,,,,,,
"276","Feb 27, 2024 00:04:43.088721000 PST","104.16.84.69","192.168.254.9","443","49951",,,,,,,,
"277","Feb 27, 2024 00:04:43.088795000 PST","192.168.254.9","104.16.84.69","49951","443",,,,,,,,
"278","Feb 27, 2024 00:04:43.101184000 PST","192.168.254.9","104.16.84.69","49951","443",,,,,,,,
"279","Feb 27, 2024 00:04:43.102090000 PST","192.168.254.9","104.16.84.69","49951","443",,,,,,,,
"280","Feb 27, 2024 00:04:43.107465000 PST","104.16.84.69","192.168.254.9","443","49951",,,,,,,,
"281","Feb 27, 2024 00:04:43.117287000 PST","104.16.84.69","192.168.254.9","443","49951",,,,,,,,
"282","Feb 27, 2024 00:04:43.158998000 PST","192.168.254.9","104.16.84.69","49951","443",,,,,,,,
"283","Feb 27, 2024 00:04:43.168853000 PST","104.16.84.69","192.168.254.9","443","49951",,,,,,,,
"284","Feb 27, 2024 00:04:43.213757000 PST","192.168.254.9","104.16.84.69","49951","443",,,,,,,,
"285","Feb 27, 2024 00:04:43.215796000 PST","142.250.68.46","192.168.254.9","443","49949",,,,,,,,
"286","Feb 27, 2024 00:04:43.215859000 PST","192.168.254.9","142.250.68.46","49949","443",,,,,,,,
"287","Feb 27, 2024 00:04:43.217499000 PST","192.168.254.9","142.250.68.46","49949","443",,,,,,,,
"288","Feb 27, 2024 00:04:43.222040000 PST","142.250.68.46","192.168.254.9","443","49950",,,,,,,,
"289","Feb 27, 2024 00:04:43.222098000 PST","192.168.254.9","142.250.68.46","49950","443",,,,,,,,
"290","Feb 27, 2024 00:04:43.222400000 PST","192.168.254.9","142.250.68.46","49950","443",,,,,,,,
"291","Feb 27, 2024 00:04:43.452793000 PST","142.250.68.46","192.168.254.9","443","49949",,,,,,,,
"292","Feb 27, 2024 00:04:43.459939000 PST","142.250.68.46","192.168.254.9","443","49949",,,,,,,,
"293","Feb 27, 2024 00:04:43.459939000 PST","142.250.68.46","192.168.254.9","443","49949",,,,,,,,
"294","Feb 27, 2024 00:04:43.459983000 PST","192.168.254.9","142.250.68.46","49949","443",,,,,,,,
"295","Feb 27, 2024 00:04:43.460367000 PST","142.250.68.46","192.168.254.9","443","49949",,,,,,,,
"296","Feb 27, 2024 00:04:43.460367000 PST","142.250.68.46","192.168.254.9","443","49949",,,,,,,,
"297","Feb 27, 2024 00:04:43.460406000 PST","192.168.254.9","142.250.68.46","49949","443",,,,,,,,
"298","Feb 27, 2024 00:04:43.462320000 PST","142.250.68.46","192.168.254.9","443","49950",,,,,,,,
"299","Feb 27, 2024 00:04:43.462950000 PST","192.168.254.9","142.250.68.46","49949","443",,,,,,,,
"300","Feb 27, 2024 00:04:43.470183000 PST","142.250.68.46","192.168.254.9","443","49950",,,,,,,,
"301","Feb 27, 2024 00:04:43.470183000 PST","142.250.68.46","192.168.254.9","443","49950",,,,,,,,
"302","Feb 27, 2024 00:04:43.470183000 PST","142.250.68.46","192.168.254.9","443","49950",,,,,,,,
"303","Feb 27, 2024 00:04:43.470183000 PST","142.250.68.46","192.168.254.9","443","49950",,,,,,,,
"304","Feb 27, 2024 00:04:43.470343000 PST","192.168.254.9","142.250.68.46","49950","443",,,,,,,,
"305","Feb 27, 2024 00:04:43.477644000 PST","192.168.254.9","142.250.68.46","49950","443",,,,,,,,
"306","Feb 27, 2024 00:04:43.697389000 PST","142.250.68.46","192.168.254.9","443","49949",,,,,,,,
"307","Feb 27, 2024 00:04:43.703618000 PST","192.168.254.9","142.250.68.46","49949","443",,,,,,,,
"308","Feb 27, 2024 00:04:43.703682000 PST","192.168.254.9","142.250.68.46","49949","443",,,,,,,,
"309","Feb 27, 2024 00:04:43.718516000 PST","142.250.68.46","192.168.254.9","443","49950",,,,,,,,
"310","Feb 27, 2024 00:04:43.719252000 PST","192.168.254.9","142.250.68.46","49950","443",,,,,,,,
"311","Feb 27, 2024 00:04:43.719314000 PST","192.168.254.9","142.250.68.46","49950","443",,,,,,,,
"312","Feb 27, 2024 00:04:43.937688000 PST","142.250.68.46","192.168.254.9","443","49949",,,,,,,,
"313","Feb 27, 2024 00:04:43.949637000 PST","142.250.68.46","192.168.254.9","443","49949",,,,,,,,
"314","Feb 27, 2024 00:04:43.949860000 PST","192.168.254.9","142.250.68.46","49949","443",,,,,,,,
"315","Feb 27, 2024 00:04:43.949961000 PST","192.168.254.9","142.250.68.46","49949","443",,,,,,,,
"316","Feb 27, 2024 00:04:43.960319000 PST","142.250.68.46","192.168.254.9","443","49950",,,,,,,,
"317","Feb 27, 2024 00:04:43.965897000 PST","142.250.68.46","192.168.254.9","443","49950",,,,,,,,
"318","Feb 27, 2024 00:04:44.010598000 PST","192.168.254.9","142.250.68.46","49950","443",,,,,,,,
"319","Feb 27, 2024 00:04:44.114229000 PST",,,,,,,,,,,,
"320","Feb 27, 2024 00:04:44.115314000 PST",,,,,,,,,,,,
"321","Feb 27, 2024 00:04:44.116537000 PST",,,,,,,,,,,,
"322","Feb 27, 2024 00:04:44.117313000 PST",,,,,,,,,,,,
"323","Feb 27, 2024 00:04:44.117313000 PST",,,,,,,,,,,,
"324","Feb 27, 2024 00:04:44.117358000 PST",,,,,,,,,,,,
"325","Feb 27, 2024 00:04:44.117598000 PST",,,,,,,,,,,,
"326","Feb 27, 2024 00:04:44.184207000 PST","142.250.68.46","192.168.254.9","443","49949",,,,,,,,
"327","Feb 27, 2024 00:04:44.191019000 PST","142.250.68.46","192.168.254.9","443","49949",,,,,,,,
"328","Feb 27, 2024 00:04:44.242939000 PST","192.168.254.9","142.250.68.46","49949","443",,,,,,,,
"329","Feb 27, 2024 00:04:48.827768000 PST",,,,,,,,,,,,
"330","Feb 27, 2024 00:04:48.830127000 PST",,,,,,,,,,,,
"331","Feb 27, 2024 00:04:49.030277000 PST","192.168.254.9","52.35.236.54","49946","443",,,,,,,,
"332","Feb 27, 2024 00:04:49.124531000 PST",,,,,,,,,,,,
"333","Feb 27, 2024 00:04:49.125489000 PST",,,,,,,,,,,,
"334","Feb 27, 2024 00:04:49.126513000 PST",,,,,,,,,,,,
"335","Feb 27, 2024 00:04:49.127762000 PST",,,,,,,,,,,,
"336","Feb 27, 2024 00:04:49.127793000 PST",,,,,,,,,,,,
"337","Feb 27, 2024 00:04:49.131715000 PST",,,,,,,,,,,,
"338","Feb 27, 2024 00:04:49.131817000 PST",,,,,,,,,,,,
"339","Feb 27, 2024 00:04:49.310513000 PST","52.35.236.54","192.168.254.9","443","49946",,,,,,,,
"340","Feb 27, 2024 00:04:52.966039000 PST","192.168.254.9","104.16.84.69","49951","443",,,,,,,,
"341","Feb 27, 2024 00:04:52.966168000 PST","192.168.254.9","104.16.84.69","49951","443",,,,,,,,
"342","Feb 27, 2024 00:04:52.971530000 PST","104.16.84.69","192.168.254.9","443","49951",,,,,,,,
"343","Feb 27, 2024 00:04:52.971560000 PST","192.168.254.9","104.16.84.69","49951","443",,,,,,,,
"344","Feb 27, 2024 00:04:52.981014000 PST","192.168.254.9","142.250.68.46","49950","443",,,,,,,,
"345","Feb 27, 2024 00:04:52.981423000 PST","192.168.254.9","142.250.68.46","49949","443",,,,,,,,
"346","Feb 27, 2024 00:04:53.216856000 PST","142.250.68.46","192.168.254.9","443","49949",,,,,,,,
"347","Feb 27, 2024 00:04:53.216905000 PST","192.168.254.9","142.250.68.46","49949","443",,,,,,,,
"348","Feb 27, 2024 00:04:53.220896000 PST","142.250.68.46","192.168.254.9","443","49950",,,,,,,,
"349","Feb 27, 2024 00:04:53.220947000 PST","192.168.254.9","142.250.68.46","49950","443",,,,,,,,
"350","Feb 27, 2024 00:04:54.134335000 PST",,,,,,,,,,,,
"351","Feb 27, 2024 00:04:54.135364000 PST",,,,,,,,,,,,
"352","Feb 27, 2024 00:04:54.136520000 PST",,,,,,,,,,,,
"353","Feb 27, 2024 00:04:54.137722000 PST",,,,,,,,,,,,
"354","Feb 27, 2024 00:04:54.137722000 PST",,,,,,,,,,,,
"355","Feb 27, 2024 00:04:54.137747000 PST",,,,,,,,,,,,
"356","Feb 27, 2024 00:04:54.137865000 PST",,,,,,,,,,,,
"357","Feb 27, 2024 00:04:59.148515000 PST",,,,,,,,,,,,
"358","Feb 27, 2024 00:04:59.149339000 PST",,,,,,,,,,,,
"359","Feb 27, 2024 00:04:59.150321000 PST",,,,,,,,,,,,
"360","Feb 27, 2024 00:04:59.151644000 PST",,,,,,,,,,,,
"361","Feb 27, 2024 00:04:59.151644000 PST",,,,,,,,,,,,
"362","Feb 27, 2024 00:04:59.151687000 PST",,,,,,,,,,,,
"363","Feb 27, 2024 00:04:59.151951000 PST",,,,,,,,,,,,
"364","Feb 27, 2024 00:05:02.289397000 PST","192.168.254.9","20.198.119.143","49721","443",,,,,,,,
"365","Feb 27, 2024 00:05:02.458747000 PST","20.198.119.143","192.168.254.9","443","49721",,,,,,,,
"366","Feb 27, 2024 00:05:02.508053000 PST","192.168.254.9","20.198.119.143","49721","443",,,,,,,,
"367","Feb 27, 2024 00:05:04.154098000 PST",,,,,,,,,,,,
"368","Feb 27, 2024 00:05:04.154247000 PST",,,,,,,,,,,,
"369","Feb 27, 2024 00:05:04.237766000 PST",,,,,,,,,,,,
"370","Feb 27, 2024 00:05:04.238989000 PST",,,,,,,,,,,,
"371","Feb 27, 2024 00:05:04.240463000 PST",,,,,,,,,,,,
"372","Feb 27, 2024 00:05:04.242561000 PST",,,,,,,,,,,,
"373","Feb 27, 2024 00:05:04.242617000 PST",,,,,,,,,,,,
"374","Feb 27, 2024 00:05:04.370329000 PST","192.168.254.9","20.198.118.190","49687","443",,,,,,,,
"375","Feb 27, 2024 00:05:04.472282000 PST","192.168.254.9","23.217.111.57","49887","443",,,,,,,,
"376","Feb 27, 2024 00:05:04.472459000 PST","192.168.254.9","117.18.232.200","49901","443",,,,,,,,
"377","Feb 27, 2024 00:05:04.472540000 PST","192.168.254.9","23.217.111.57","49888","443",,,,,,,,
"378","Feb 27, 2024 00:05:04.472642000 PST","192.168.254.9","23.217.111.99","49893","443",,,,,,,,
"379","Feb 27, 2024 00:05:04.568332000 PST","20.198.118.190","192.168.254.9","443","49687",,,,,,,,
"380","Feb 27, 2024 00:05:04.620033000 PST","192.168.254.9","20.198.118.190","49687","443",,,,,,,,
"381","Feb 27, 2024 00:05:04.780044000 PST","192.168.254.9","117.18.232.200","49901","443",,,,,,,,
"382","Feb 27, 2024 00:05:04.780150000 PST","192.168.254.9","23.217.111.57","49888","443",,,,,,,,
"383","Feb 27, 2024 00:05:04.796034000 PST","192.168.254.9","23.217.111.57","49887","443",,,,,,,,
"384","Feb 27, 2024 00:05:04.844046000 PST","192.168.254.9","23.217.111.99","49893","443",,,,,,,,
"385","Feb 27, 2024 00:05:05.395281000 PST","192.168.254.9","117.18.232.200","49901","443",,,,,,,,
"386","Feb 27, 2024 00:05:05.395303000 PST","192.168.254.9","23.217.111.57","49888","443",,,,,,,,
"387","Feb 27, 2024 00:05:05.443330000 PST","192.168.254.9","23.217.111.57","49887","443",,,,,,,,
"388","Feb 27, 2024 00:05:05.570593000 PST","192.168.254.9","23.217.111.99","49893","443",,,,,,,,
"389","Feb 27, 2024 00:05:06.599120000 PST","192.168.254.9","117.18.232.200","49901","443",,,,,,,,
"390","Feb 27, 2024 00:05:06.599169000 PST","192.168.254.9","23.217.111.57","49888","443",,,,,,,,
"391","Feb 27, 2024 00:05:06.741079000 PST","192.168.254.9","23.217.111.57","49887","443",,,,,,,,
"392","Feb 27, 2024 00:05:07.023210000 PST","192.168.254.9","23.217.111.99","49893","443",,,,,,,,
"393","Feb 27, 2024 00:05:09.010042000 PST","192.168.254.9","23.217.111.57","49888","443",,,,,,,,
"394","Feb 27, 2024 00:05:09.010064000 PST","192.168.254.9","117.18.232.200","49901","443",,,,,,,,
"395","Feb 27, 2024 00:05:09.165603000 PST",,,,,,,,,,,,
"396","Feb 27, 2024 00:05:09.166559000 PST",,,,,,,,,,,,
"397","Feb 27, 2024 00:05:09.167691000 PST",,,,,,,,,,,,
"398","Feb 27, 2024 00:05:09.167691000 PST",,,,,,,,,,,,
"399","Feb 27, 2024 00:05:09.167719000 PST",,,,,,,,,,,,
"400","Feb 27, 2024 00:05:09.167830000 PST",,,,,,,,,,,,
"401","Feb 27, 2024 00:05:09.321452000 PST","192.168.254.9","23.217.111.57","49887","443",,,,,,,,
"402","Feb 27, 2024 00:05:09.336709000 PST",,,,,,,,,,,,
"403","Feb 27, 2024 00:05:09.340025000 PST",,,,,,,,,,,,
"404","Feb 27, 2024 00:05:09.913317000 PST","192.168.254.9","23.217.111.99","49893","443",,,,,,,,
"405","Feb 27, 2024 00:05:13.811084000 PST","192.168.254.9","117.18.232.200","49901","443",,,,,,,,
"406","Feb 27, 2024 00:05:13.811107000 PST","192.168.254.9","23.217.111.57","49888","443",,,,,,,,
"407","Feb 27, 2024 00:05:14.174371000 PST",,,,,,,,,,,,
"408","Feb 27, 2024 00:05:14.175478000 PST",,,,,,,,,,,,
"409","Feb 27, 2024 00:05:14.176685000 PST",,,,,,,,,,,,
"410","Feb 27, 2024 00:05:14.177664000 PST",,,,,,,,,,,,
"411","Feb 27, 2024 00:05:14.177664000 PST",,,,,,,,,,,,
"412","Feb 27, 2024 00:05:14.177688000 PST",,,,,,,,,,,,
"413","Feb 27, 2024 00:05:14.177818000 PST",,,,,,,,,,,,
"414","Feb 27, 2024 00:05:14.460773000 PST","192.168.254.9","23.217.111.57","49887","443",,,,,,,,
"415","Feb 27, 2024 00:05:15.674343000 PST","192.168.254.9","23.217.111.99","49893","443",,,,,,,,
"416","Feb 27, 2024 00:05:19.187505000 PST",,,,,,,,,,,,
"417","Feb 27, 2024 00:05:19.187632000 PST",,,,,,,,,,,,
"418","Feb 27, 2024 00:05:19.289337000 PST",,,,,,,,,,,,
"419","Feb 27, 2024 00:05:19.290658000 PST",,,,,,,,,,,,
"420","Feb 27, 2024 00:05:19.293134000 PST",,,,,,,,,,,,
"421","Feb 27, 2024 00:05:19.294043000 PST",,,,,,,,,,,,
"422","Feb 27, 2024 00:05:19.294086000 PST",,,,,,,,,,,,
"423","Feb 27, 2024 00:05:23.425488000 PST","192.168.254.9","23.217.111.57","49888","443",,,,,,,,
"424","Feb 27, 2024 00:05:23.426490000 PST","192.168.254.9","117.18.232.200","49901","443",,,,,,,,
"425","Feb 27, 2024 00:05:24.194170000 PST",,,,,,,,,,,,
"426","Feb 27, 2024 00:05:24.195417000 PST",,,,,,,,,,,,
"427","Feb 27, 2024 00:05:24.196325000 PST",,,,,,,,,,,,
"428","Feb 27, 2024 00:05:24.197719000 PST",,,,,,,,,,,,
"429","Feb 27, 2024 00:05:24.197719000 PST",,,,,,,,,,,,
"430","Feb 27, 2024 00:05:24.197781000 PST",,,,,,,,,,,,
"431","Feb 27, 2024 00:05:24.198058000 PST",,,,,,,,,,,,
"432","Feb 27, 2024 00:05:24.739839000 PST","192.168.254.9","23.217.111.57","49887","443",,,,,,,,
"433","Feb 27, 2024 00:05:25.075584000 PST",,,,,,,,,,,,
"434","Feb 27, 2024 00:05:25.076442000 PST",,,,,,,,,,,,
"435","Feb 27, 2024 00:05:25.077581000 PST",,,,,,,,,,,,
"436","Feb 27, 2024 00:05:27.209263000 PST","192.168.254.9","23.217.111.99","49893","443",,,,,,,,
"437","Feb 27, 2024 00:05:29.204585000 PST",,,,,,,,,,,,
"438","Feb 27, 2024 00:05:29.205649000 PST",,,,,,,,,,,,
"439","Feb 27, 2024 00:05:29.206660000 PST",,,,,,,,,,,,
"440","Feb 27, 2024 00:05:29.207831000 PST",,,,,,,,,,,,
"441","Feb 27, 2024 00:05:29.207831000 PST",,,,,,,,,,,,
"442","Feb 27, 2024 00:05:29.207873000 PST",,,,,,,,,,,,
"443","Feb 27, 2024 00:05:29.208075000 PST",,,,,,,,,,,,
"444","Feb 27, 2024 00:05:34.215362000 PST",,,,,,,,,,,,
"445","Feb 27, 2024 00:05:34.215418000 PST",,,,,,,,,,,,
"446","Feb 27, 2024 00:05:34.239595000 PST",,,,,,,,,,,,
"447","Feb 27, 2024 00:05:34.240749000 PST",,,,,,,,,,,,
"448","Feb 27, 2024 00:05:34.242868000 PST",,,,,,,,,,,,
"449","Feb 27, 2024 00:05:34.244383000 PST",,,,,,,,,,,,
"450","Feb 27, 2024 00:05:34.244407000 PST",,,,,,,,,,,,
"451","Feb 27, 2024 00:05:34.323656000 PST","192.168.254.9","52.35.236.54","49946","443",,,,,,,,
"452","Feb 27, 2024 00:05:34.604771000 PST","52.35.236.54","192.168.254.9","443","49946",,,,,,,,
"453","Feb 27, 2024 00:05:38.824649000 PST",,,,,,,,,,,,
"454","Feb 27, 2024 00:05:38.826506000 PST",,,,,,,,,,,,
"455","Feb 27, 2024 00:05:39.224880000 PST",,,,,,,,,,,,
"456","Feb 27, 2024 00:05:39.225262000 PST",,,,,,,,,,,,
"457","Feb 27, 2024 00:05:39.226765000 PST",,,,,,,,,,,,
"458","Feb 27, 2024 00:05:39.230221000 PST",,,,,,,,,,,,
"459","Feb 27, 2024 00:05:39.230221000 PST",,,,,,,,,,,,
"460","Feb 27, 2024 00:05:39.230241000 PST",,,,,,,,,,,,
"461","Feb 27, 2024 00:05:39.230324000 PST",,,,,,,,,,,,
"462","Feb 27, 2024 00:05:39.237612000 PST","192.168.254.254","192.168.254.9",,,"53851","137",,,,,,
"463","Feb 27, 2024 00:05:39.237792000 PST","192.168.254.9","192.168.254.254",,,"137","53851",,,,,,
"464","Feb 27, 2024 00:05:40.416158000 PST","192.168.254.9","192.168.254.254",,,"55290","53",,,,,"www.gstatic.com",
"465","Feb 27, 2024 00:05:40.425116000 PST","192.168.254.254","192.168.254.9",,,"53","55290",,,,,"www.gstatic.com","142.250.68.35"
"466","Feb 27, 2024 00:05:40.428319000 PST","192.168.254.9","192.168.254.254",,,"49887","53",,,,,"www.gstatic.com",
"467","Feb 27, 2024 00:05:40.428526000 PST","192.168.254.9","192.168.254.254",,,"49721","53",,,,,"www.gstatic.com",
"468","Feb 27, 2024 00:05:40.437196000 PST","192.168.254.254","192.168.254.9",,,"53","49887",,,,,"www.gstatic.com","142.250.68.35"
"469","Feb 27, 2024 00:05:40.440316000 PST","192.168.254.254","192.168.254.9",,,"53","49721",,,,,"www.gstatic.com",
"470","Feb 27, 2024 00:05:40.441343000 PST","192.168.254.9","142.250.68.35",,,"65141","443",,,,,,
"471","Feb 27, 2024 00:05:40.441779000 PST","192.168.254.9","142.250.68.35",,,"65141","443",,,,,,
"472","Feb 27, 2024 00:05:40.442224000 PST","192.168.254.9","142.250.68.35",,,"65141","443",,,,,,
"473","Feb 27, 2024 00:05:40.628908000 PST","192.168.254.9","142.250.68.35",,,"65141","443",,,,,,
"474","Feb 27, 2024 00:05:40.686384000 PST","142.250.68.35","192.168.254.9",,,"443","65141",,,,,,
"475","Feb 27, 2024 00:05:40.688467000 PST","192.168.254.9","142.250.68.35",,,"65141","443",,,,,,
"476","Feb 27, 2024 00:05:40.693331000 PST","142.250.68.35","192.168.254.9",,,"443","65141",,,,,,
"477","Feb 27, 2024 00:05:40.693331000 PST","142.250.68.35","192.168.254.9",,,"443","65141",,,,,,
"478","Feb 27, 2024 00:05:40.693713000 PST","192.168.254.9","142.250.68.35",,,"65141","443",,,,,,
"479","Feb 27, 2024 00:05:40.694484000 PST","142.250.68.35","192.168.254.9",,,"443","65141",,,,,,
"480","Feb 27, 2024 00:05:40.694484000 PST","142.250.68.35","192.168.254.9",,,"443","65141",,,,,,
"481","Feb 27, 2024 00:05:40.695202000 PST","192.168.254.9","142.250.68.35",,,"65141","443",,,,,,
"482","Feb 27, 2024 00:05:40.721476000 PST","192.168.254.9","142.250.68.35",,,"65141","443",,,,,,
"483","Feb 27, 2024 00:05:40.871149000 PST","142.250.68.35","192.168.254.9",,,"443","65141",,,,,,
"484","Feb 27, 2024 00:05:40.871467000 PST","192.168.254.9","142.250.68.35",,,"65141","443",,,,,,
"485","Feb 27, 2024 00:05:40.873731000 PST","142.250.68.35","192.168.254.9",,,"443","65141",,,,,,
"486","Feb 27, 2024 00:05:40.874102000 PST","192.168.254.9","142.250.68.35",,,"65141","443",,,,,,
"487","Feb 27, 2024 00:05:40.942499000 PST","142.250.68.35","192.168.254.9",,,"443","65141",,,,,,
"488","Feb 27, 2024 00:05:40.942499000 PST","142.250.68.35","192.168.254.9",,,"443","65141",,,,,,
"489","Feb 27, 2024 00:05:40.943598000 PST","192.168.254.9","142.250.68.35",,,"65141","443",,,,,,
"490","Feb 27, 2024 00:05:40.953612000 PST","142.250.68.35","192.168.254.9",,,"443","65141",,,,,,
"491","Feb 27, 2024 00:05:40.953612000 PST","142.250.68.35","192.168.254.9",,,"443","65141",,,,,,
"492","Feb 27, 2024 00:05:40.953974000 PST","192.168.254.9","142.250.68.35",,,"65141","443",,,,,,
"493","Feb 27, 2024 00:05:40.954070000 PST","192.168.254.9","142.250.68.35",,,"65141","443",,,,,,
"494","Feb 27, 2024 00:05:41.116643000 PST","142.250.68.35","192.168.254.9",,,"443","65141",,,,,,
"495","Feb 27, 2024 00:05:41.117581000 PST","142.250.68.35","192.168.254.9",,,"443","65141",,,,,,
"496","Feb 27, 2024 00:05:41.197893000 PST","142.250.68.35","192.168.254.9",,,"443","65141",,,,,,
"497","Feb 27, 2024 00:05:44.234485000 PST",,,,,,,,,,,,
"498","Feb 27, 2024 00:05:44.235602000 PST",,,,,,,,,,,,
"499","Feb 27, 2024 00:05:44.236618000 PST",,,,,,,,,,,,
"500","Feb 27, 2024 00:05:44.237791000 PST",,,,,,,,,,,,
"501","Feb 27, 2024 00:05:44.237791000 PST",,,,,,,,,,,,
"502","Feb 27, 2024 00:05:44.237820000 PST",,,,,,,,,,,,
"503","Feb 27, 2024 00:05:44.237948000 PST",,,,,,,,,,,,
"504","Feb 27, 2024 00:05:45.324650000 PST",,,,,,,,,,,,
"505","Feb 27, 2024 00:05:45.328496000 PST",,,,,,,,,,,,
"506","Feb 27, 2024 00:05:47.289044000 PST","192.168.254.9","20.198.119.143","49721","443",,,,,,,,
"507","Feb 27, 2024 00:05:47.476875000 PST","20.198.119.143","192.168.254.9","443","49721",,,,,,,,
"508","Feb 27, 2024 00:05:47.521728000 PST","192.168.254.9","20.198.119.143","49721","443",,,,,,,,
"509","Feb 27, 2024 00:05:49.244069000 PST",,,,,,,,,,,,
"510","Feb 27, 2024 00:05:49.244199000 PST",,,,,,,,,,,,
"511","Feb 27, 2024 00:05:49.293875000 PST",,,,,,,,,,,,
"512","Feb 27, 2024 00:05:49.294147000 PST",,,,,,,,,,,,
"513","Feb 27, 2024 00:05:49.295971000 PST",,,,,,,,,,,,
"514","Feb 27, 2024 00:05:49.298261000 PST",,,,,,,,,,,,
"515","Feb 27, 2024 00:05:49.298319000 PST",,,,,,,,,,,,
"516","Feb 27, 2024 00:05:54.257110000 PST",,,,,,,,,,,,
"517","Feb 27, 2024 00:05:54.257253000 PST",,,,,,,,,,,,
"518","Feb 27, 2024 00:05:54.310917000 PST",,,,,,,,,,,,
"519","Feb 27, 2024 00:05:54.311987000 PST",,,,,,,,,,,,
"520","Feb 27, 2024 00:05:54.314340000 PST",,,,,,,,,,,,
"521","Feb 27, 2024 00:05:54.315000000 PST",,,,,,,,,,,,
"522","Feb 27, 2024 00:05:54.315042000 PST",,,,,,,,,,,,
"523","Feb 27, 2024 00:05:59.264478000 PST",,,,,,,,,,,,
"524","Feb 27, 2024 00:05:59.265486000 PST",,,,,,,,,,,,
"525","Feb 27, 2024 00:05:59.266675000 PST",,,,,,,,,,,,
"526","Feb 27, 2024 00:05:59.268038000 PST",,,,,,,,,,,,
"527","Feb 27, 2024 00:05:59.268038000 PST",,,,,,,,,,,,
"528","Feb 27, 2024 00:05:59.268101000 PST",,,,,,,,,,,,
"529","Feb 27, 2024 00:05:59.268376000 PST",,,,,,,,,,,,
"530","Feb 27, 2024 00:06:04.274274000 PST",,,,,,,,,,,,
"531","Feb 27, 2024 00:06:04.275429000 PST",,,,,,,,,,,,
"532","Feb 27, 2024 00:06:04.276437000 PST",,,,,,,,,,,,
"533","Feb 27, 2024 00:06:04.277576000 PST",,,,,,,,,,,,
"534","Feb 27, 2024 00:06:04.277576000 PST",,,,,,,,,,,,
"535","Feb 27, 2024 00:06:04.277619000 PST",,,,,,,,,,,,
"536","Feb 27, 2024 00:06:04.277811000 PST",,,,,,,,,,,,
"537","Feb 27, 2024 00:06:09.283700000 PST",,,,,,,,,,,,
"538","Feb 27, 2024 00:06:09.283773000 PST",,,,,,,,,,,,
"539","Feb 27, 2024 00:06:09.362865000 PST",,,,,,,,,,,,
"540","Feb 27, 2024 00:06:09.363854000 PST",,,,,,,,,,,,
"541","Feb 27, 2024 00:06:09.366332000 PST",,,,,,,,,,,,
"542","Feb 27, 2024 00:06:09.367430000 PST",,,,,,,,,,,,
"543","Feb 27, 2024 00:06:09.367465000 PST",,,,,,,,,,,,
"544","Feb 27, 2024 00:06:14.294362000 PST",,,,,,,,,,,,
"545","Feb 27, 2024 00:06:14.295457000 PST",,,,,,,,,,,,
"546","Feb 27, 2024 00:06:14.296463000 PST",,,,,,,,,,,,
"547","Feb 27, 2024 00:06:14.297678000 PST",,,,,,,,,,,,
"548","Feb 27, 2024 00:06:14.297678000 PST",,,,,,,,,,,,
"549","Feb 27, 2024 00:06:14.297717000 PST",,,,,,,,,,,,
"550","Feb 27, 2024 00:06:14.297912000 PST",,,,,,,,,,,,
"551","Feb 27, 2024 00:06:16.264153000 PST","192.168.254.9","192.168.254.254",,,"51686","53",,,,,"www.youtube.com",
"552","Feb 27, 2024 00:06:16.264316000 PST","192.168.254.9","192.168.254.254",,,"64527","53",,,,,"www.youtube.com",
"553","Feb 27, 2024 00:06:16.273115000 PST","192.168.254.254","192.168.254.9",,,"53","51686",,,,,"www.youtube.com","172.217.31.206,172.217.167.142,142.250.182.78,142.250.183.238,172.217.160.142,142.250.182.142,142.250.77.174,142.250.193.174,142.250.182.110,142.250.195.46,142.250.193.110,142.250.182.46,142.250.193.142,142.250.182.14,142.250.76.46,142.250.205.238"
"554","Feb 27, 2024 00:06:16.273115000 PST","192.168.254.254","192.168.254.9",,,"53","64527",,,,,"www.youtube.com",
"555","Feb 27, 2024 00:06:16.274012000 PST","192.168.254.9","172.217.31.206",,,"55011","443",,,,,,
"556","Feb 27, 2024 00:06:16.274189000 PST","192.168.254.9","172.217.31.206",,,"55011","443",,,,,,
"557","Feb 27, 2024 00:06:16.274447000 PST","192.168.254.9","172.217.31.206",,,"55011","443",,,,,,
"558","Feb 27, 2024 00:06:16.274481000 PST","192.168.254.9","172.217.31.206",,,"55011","443",,,,,,
"559","Feb 27, 2024 00:06:16.274530000 PST","192.168.254.9","172.217.31.206",,,"55011","443",,,,,,
"560","Feb 27, 2024 00:06:16.274558000 PST","192.168.254.9","172.217.31.206",,,"55011","443",,,,,,
"561","Feb 27, 2024 00:06:16.327891000 PST","172.217.31.206","192.168.254.9",,,"443","55011",,,,,,
"562","Feb 27, 2024 00:06:16.329610000 PST","192.168.254.9","172.217.31.206",,,"55011","443",,,,,,
"563","Feb 27, 2024 00:06:16.366299000 PST","172.217.31.206","192.168.254.9",,,"443","55011",,,,,,
"564","Feb 27, 2024 00:06:16.366299000 PST","172.217.31.206","192.168.254.9",,,"443","55011",,,,,,
"565","Feb 27, 2024 00:06:16.366299000 PST","172.217.31.206","192.168.254.9",,,"443","55011",,,,,,
"566","Feb 27, 2024 00:06:16.366299000 PST","172.217.31.206","192.168.254.9",,,"443","55011",,,,,,
"567","Feb 27, 2024 00:06:16.367144000 PST","192.168.254.9","172.217.31.206",,,"55011","443",,,,,,
"568","Feb 27, 2024 00:06:16.369705000 PST","192.168.254.9","172.217.31.206",,,"55011","443",,,,,,
"569","Feb 27, 2024 00:06:16.369877000 PST","192.168.254.9","172.217.31.206",,,"55011","443",,,,,,
"570","Feb 27, 2024 00:06:16.370060000 PST","192.168.254.9","172.217.31.206",,,"55011","443",,,,,,
"571","Feb 27, 2024 00:06:16.370179000 PST","192.168.254.9","172.217.31.206",,,"55011","443",,,,,,
"572","Feb 27, 2024 00:06:16.424462000 PST","172.217.31.206","192.168.254.9",,,"443","55011",,,,,,
"573","Feb 27, 2024 00:06:16.424462000 PST","172.217.31.206","192.168.254.9",,,"443","55011",,,,,,
"574","Feb 27, 2024 00:06:16.424462000 PST","172.217.31.206","192.168.254.9",,,"443","55011",,,,,,
"575","Feb 27, 2024 00:06:16.424462000 PST","172.217.31.206","192.168.254.9",,,"443","55011",,,,,,
"576","Feb 27, 2024 00:06:16.424769000 PST","192.168.254.9","172.217.31.206",,,"55011","443",,,,,,
"577","Feb 27, 2024 00:06:16.450867000 PST","192.168.254.9","172.217.31.206",,,"55011","443",,,,,,
"578","Feb 27, 2024 00:06:16.463319000 PST","172.217.31.206","192.168.254.9",,,"443","55011",,,,,,
"579","Feb 27, 2024 00:06:16.463319000 PST","172.217.31.206","192.168.254.9",,,"443","55011",,,,,,
"580","Feb 27, 2024 00:06:16.463735000 PST","192.168.254.9","172.217.31.206",,,"55011","443",,,,,,
"581","Feb 27, 2024 00:06:16.489327000 PST","192.168.254.9","172.217.31.206",,,"55011","443",,,,,,
"582","Feb 27, 2024 00:06:16.544325000 PST","172.217.31.206","192.168.254.9",,,"443","55011",,,,,,
"583","Feb 27, 2024 00:06:19.304156000 PST",,,,,,,,,,,,
"584","Feb 27, 2024 00:06:19.305414000 PST",,,,,,,,,,,,
"585","Feb 27, 2024 00:06:19.306449000 PST",,,,,,,,,,,,
"586","Feb 27, 2024 00:06:19.307513000 PST",,,,,,,,,,,,
"587","Feb 27, 2024 00:06:19.307513000 PST",,,,,,,,,,,,
"588","Feb 27, 2024 00:06:19.307556000 PST",,,,,,,,,,,,
"589","Feb 27, 2024 00:06:19.307771000 PST",,,,,,,,,,,,
"590","Feb 27, 2024 00:06:20.834336000 PST",,,,,,,,,,,,
"591","Feb 27, 2024 00:06:20.837962000 PST",,,,,,,,,,,,
"592","Feb 27, 2024 00:06:24.314276000 PST",,,,,,,,,,,,
"593","Feb 27, 2024 00:06:24.314426000 PST",,,,,,,,,,,,
"594","Feb 27, 2024 00:06:24.415738000 PST",,,,,,,,,,,,
"595","Feb 27, 2024 00:06:24.416932000 PST",,,,,,,,,,,,
"596","Feb 27, 2024 00:06:24.418016000 PST",,,,,,,,,,,,
"597","Feb 27, 2024 00:06:24.421740000 PST",,,,,,,,,,,,
"598","Feb 27, 2024 00:06:24.421798000 PST",,,,,,,,,,,,
"599","Feb 27, 2024 00:06:28.833392000 PST",,,,,,,,,,,,
"600","Feb 27, 2024 00:06:28.836000000 PST",,,,,,,,,,,,
"601","Feb 27, 2024 00:06:29.324306000 PST",,,,,,,,,,,,
"602","Feb 27, 2024 00:06:29.325423000 PST",,,,,,,,,,,,
"603","Feb 27, 2024 00:06:29.326422000 PST",,,,,,,,,,,,
"604","Feb 27, 2024 00:06:29.327625000 PST",,,,,,,,,,,,
"605","Feb 27, 2024 00:06:29.327625000 PST",,,,,,,,,,,,
"606","Feb 27, 2024 00:06:29.327672000 PST",,,,,,,,,,,,
"607","Feb 27, 2024 00:06:29.327889000 PST",,,,,,,,,,,,
"608","Feb 27, 2024 00:06:32.299080000 PST","192.168.254.9","20.198.119.143","49721","443",,,,,,,,
"609","Feb 27, 2024 00:06:32.474190000 PST","20.198.119.143","192.168.254.9","443","49721",,,,,,,,
"610","Feb 27, 2024 00:06:32.515112000 PST","192.168.254.9","20.198.119.143","49721","443",,,,,,,,
"611","Feb 27, 2024 00:06:34.336785000 PST",,,,,,,,,,,,
"612","Feb 27, 2024 00:06:34.337924000 PST",,,,,,,,,,,,
"613","Feb 27, 2024 00:06:34.338929000 PST",,,,,,,,,,,,
"614","Feb 27, 2024 00:06:34.340244000 PST",,,,,,,,,,,,
"615","Feb 27, 2024 00:06:34.340244000 PST",,,,,,,,,,,,
"616","Feb 27, 2024 00:06:34.340290000 PST",,,,,,,,,,,,
"617","Feb 27, 2024 00:06:34.340502000 PST",,,,,,,,,,,,
"618","Feb 27, 2024 00:06:39.344279000 PST",,,,,,,,,,,,
"619","Feb 27, 2024 00:06:39.344366000 PST",,,,,,,,,,,,
"620","Feb 27, 2024 00:06:39.366601000 PST",,,,,,,,,,,,
"621","Feb 27, 2024 00:06:39.367998000 PST",,,,,,,,,,,,
"622","Feb 27, 2024 00:06:39.369320000 PST",,,,,,,,,,,,
"623","Feb 27, 2024 00:06:39.373018000 PST",,,,,,,,,,,,
"624","Feb 27, 2024 00:06:39.373058000 PST",,,,,,,,,,,,
"625","Feb 27, 2024 00:06:42.950170000 PST","192.168.254.254","224.0.0.1",,,,,,,,,,
"626","Feb 27, 2024 00:06:42.951427000 PST","192.168.254.254","224.0.0.1",,,,,,,,,,
"627","Feb 27, 2024 00:06:42.952251000 PST","192.168.254.254","224.0.0.1",,,,,,,,,,
"628","Feb 27, 2024 00:06:43.330344000 PST","192.168.254.9","239.255.255.250",,,,,,,,,,
"629","Feb 27, 2024 00:06:43.330486000 PST","192.168.254.9","224.0.0.251",,,,,,,,,,
"630","Feb 27, 2024 00:06:43.330563000 PST","192.168.254.9","224.0.0.252",,,,,,,,,,
"631","Feb 27, 2024 00:06:43.359769000 PST","192.168.254.9","239.255.255.250",,,,,,,,,,
"632","Feb 27, 2024 00:06:43.360630000 PST","192.168.254.9","239.255.255.250",,,,,,,,,,
"633","Feb 27, 2024 00:06:43.361650000 PST","192.168.254.9","239.255.255.250",,,,,,,,,,
"634","Feb 27, 2024 00:06:44.354111000 PST",,,,,,,,,,,,
"635","Feb 27, 2024 00:06:44.354206000 PST",,,,,,,,,,,,
"636","Feb 27, 2024 00:06:44.383709000 PST",,,,,,,,,,,,
"637","Feb 27, 2024 00:06:44.385002000 PST",,,,,,,,,,,,
"638","Feb 27, 2024 00:06:44.387342000 PST",,,,,,,,,,,,
"639","Feb 27, 2024 00:06:44.388437000 PST",,,,,,,,,,,,
"640","Feb 27, 2024 00:06:44.388473000 PST",,,,,,,,,,,,
"641","Feb 27, 2024 00:06:44.395465000 PST","192.168.254.254","192.168.254.9",,,"53851","137",,,,,,
"642","Feb 27, 2024 00:06:44.395695000 PST","192.168.254.9","192.168.254.254",,,"137","53851",,,,,,
"643","Feb 27, 2024 00:06:49.364155000 PST",,,,,,,,,,,,
"644","Feb 27, 2024 00:06:49.367279000 PST",,,,,,,,,,,,
"645","Feb 27, 2024 00:06:49.368299000 PST",,,,,,,,,,,,
"646","Feb 27, 2024 00:06:49.369401000 PST",,,,,,,,,,,,
"647","Feb 27, 2024 00:06:49.369401000 PST",,,,,,,,,,,,
"648","Feb 27, 2024 00:06:49.369420000 PST",,,,,,,,,,,,
"649","Feb 27, 2024 00:06:49.369497000 PST",,,,,,,,,,,,
"650","Feb 27, 2024 00:06:54.375722000 PST",,,,,,,,,,,,
"651","Feb 27, 2024 00:06:54.376842000 PST",,,,,,,,,,,,
"652","Feb 27, 2024 00:06:54.378089000 PST",,,,,,,,,,,,
"653","Feb 27, 2024 00:06:54.379009000 PST",,,,,,,,,,,,
"654","Feb 27, 2024 00:06:54.379009000 PST",,,,,,,,,,,,
"655","Feb 27, 2024 00:06:54.379047000 PST",,,,,,,,,,,,
"656","Feb 27, 2024 00:06:54.379275000 PST",,,,,,,,,,,,
"657","Feb 27, 2024 00:06:56.248607000 PST","192.168.254.9","172.217.31.206",,,"56521","443",,,,,,
"658","Feb 27, 2024 00:06:56.249460000 PST","192.168.254.9","172.217.31.206",,,"56521","443",,,,,,
"659","Feb 27, 2024 00:06:56.250387000 PST","192.168.254.9","172.217.31.206",,,"56521","443",,,,,,
"660","Feb 27, 2024 00:06:56.250657000 PST","192.168.254.9","172.217.31.206",,,"56521","443",,,,,,
"661","Feb 27, 2024 00:06:56.250812000 PST","192.168.254.9","172.217.31.206",,,"56521","443",,,,,,
"662","Feb 27, 2024 00:06:56.250908000 PST","192.168.254.9","172.217.31.206",,,"56521","443",,,,,,
"663","Feb 27, 2024 00:06:56.330431000 PST","172.217.31.206","192.168.254.9",,,"443","56521",,,,,,
"664","Feb 27, 2024 00:06:56.336386000 PST","172.217.31.206","192.168.254.9",,,"443","56521",,,,,,
"665","Feb 27, 2024 00:06:56.336386000 PST","172.217.31.206","192.168.254.9",,,"443","56521",,,,,,
"666","Feb 27, 2024 00:06:56.336992000 PST","172.217.31.206","192.168.254.9",,,"443","56521",,,,,,
"667","Feb 27, 2024 00:06:56.338357000 PST","192.168.254.9","172.217.31.206",,,"56521","443",,,,,,
"668","Feb 27, 2024 00:06:56.338618000 PST","192.168.254.9","172.217.31.206",,,"56521","443",,,,,,
"669","Feb 27, 2024 00:06:56.338967000 PST","192.168.254.9","172.217.31.206",,,"56521","443",,,,,,
"670","Feb 27, 2024 00:06:56.340687000 PST","172.217.31.206","192.168.254.9",,,"443","56521",,,,,,
"671","Feb 27, 2024 00:06:56.365200000 PST","192.168.254.9","172.217.31.206",,,"56521","443",,,,,,
"672","Feb 27, 2024 00:06:56.377468000 PST","172.217.31.206","192.168.254.9",,,"443","56521",,,,,,
"673","Feb 27, 2024 00:06:56.377468000 PST","172.217.31.206","192.168.254.9",,,"443","56521",,,,,,
"674","Feb 27, 2024 00:06:56.378065000 PST","192.168.254.9","172.217.31.206",,,"56521","443",,,,,,
"675","Feb 27, 2024 00:06:56.391628000 PST","172.217.31.206","192.168.254.9",,,"443","56521",,,,,,
"676","Feb 27, 2024 00:06:56.392343000 PST","192.168.254.9","172.217.31.206",,,"56521","443",,,,,,
"677","Feb 27, 2024 00:06:56.446354000 PST","172.217.31.206","192.168.254.9",,,"443","56521",,,,,,
"678","Feb 27, 2024 00:06:59.384393000 PST",,,,,,,,,,,,
"679","Feb 27, 2024 00:06:59.384534000 PST",,,,,,,,,,,,
"680","Feb 27, 2024 00:06:59.436815000 PST",,,,,,,,,,,,
"681","Feb 27, 2024 00:06:59.437962000 PST",,,,,,,,,,,,
"682","Feb 27, 2024 00:06:59.440311000 PST",,,,,,,,,,,,
"683","Feb 27, 2024 00:06:59.441338000 PST",,,,,,,,,,,,
"684","Feb 27, 2024 00:06:59.441395000 PST",,,,,,,,,,,,
"685","Feb 27, 2024 00:07:00.829125000 PST",,,,,,,,,,,,
"686","Feb 27, 2024 00:07:00.832287000 PST",,,,,,,,,,,,
"687","Feb 27, 2024 00:07:04.394364000 PST",,,,,,,,,,,,
"688","Feb 27, 2024 00:07:04.395344000 PST",,,,,,,,,,,,
"689","Feb 27, 2024 00:07:04.396525000 PST",,,,,,,,,,,,
"690","Feb 27, 2024 00:07:04.397610000 PST",,,,,,,,,,,,
"691","Feb 27, 2024 00:07:04.397610000 PST",,,,,,,,,,,,
"692","Feb 27, 2024 00:07:04.397643000 PST",,,,,,,,,,,,
"693","Feb 27, 2024 00:07:04.397798000 PST",,,,,,,,,,,,
"694","Feb 27, 2024 00:07:09.413741000 PST",,,,,,,,,,,,
"695","Feb 27, 2024 00:07:09.414767000 PST",,,,,,,,,,,,
"696","Feb 27, 2024 00:07:09.415783000 PST",,,,,,,,,,,,
"697","Feb 27, 2024 00:07:09.418783000 PST",,,,,,,,,,,,
"698","Feb 27, 2024 00:07:09.418783000 PST",,,,,,,,,,,,
"699","Feb 27, 2024 00:07:09.418825000 PST",,,,,,,,,,,,
"700","Feb 27, 2024 00:07:09.419022000 PST",,,,,,,,,,,,
"701","Feb 27, 2024 00:07:14.414899000 PST",,,,,,,,,,,,
"702","Feb 27, 2024 00:07:14.415046000 PST",,,,,,,,,,,,
"703","Feb 27, 2024 00:07:14.489502000 PST",,,,,,,,,,,,
"704","Feb 27, 2024 00:07:14.491112000 PST",,,,,,,,,,,,
"705","Feb 27, 2024 00:07:14.493278000 PST",,,,,,,,,,,,
"706","Feb 27, 2024 00:07:14.494360000 PST",,,,,,,,,,,,
"707","Feb 27, 2024 00:07:14.494400000 PST",,,,,,,,,,,,
"708","Feb 27, 2024 00:07:17.308753000 PST","192.168.254.9","20.198.119.143","49721","443",,,,,,,,
"709","Feb 27, 2024 00:07:17.531270000 PST","20.198.119.143","192.168.254.9","443","49721",,,,,,,,
"710","Feb 27, 2024 00:07:17.631884000 PST","20.198.119.143","192.168.254.9","443","49721",,,,,,,,
"711","Feb 27, 2024 00:07:17.674972000 PST","192.168.254.9","20.198.119.143","49721","443",,,,,,,,
"712","Feb 27, 2024 00:07:19.325189000 PST",,,,,,,,,,,,
"713","Feb 27, 2024 00:07:19.327417000 PST",,,,,,,,,,,,
"714","Feb 27, 2024 00:07:19.424578000 PST",,,,,,,,,,,,
"715","Feb 27, 2024 00:07:19.425378000 PST",,,,,,,,,,,,
"716","Feb 27, 2024 00:07:19.426584000 PST",,,,,,,,,,,,
"717","Feb 27, 2024 00:07:19.427765000 PST",,,,,,,,,,,,
"718","Feb 27, 2024 00:07:19.427765000 PST",,,,,,,,,,,,
"719","Feb 27, 2024 00:07:19.427812000 PST",,,,,,,,,,,,
"720","Feb 27, 2024 00:07:19.428141000 PST",,,,,,,,,,,,
"721","Feb 27, 2024 00:07:24.434729000 PST",,,,,,,,,,,,
"722","Feb 27, 2024 00:07:24.435890000 PST",,,,,,,,,,,,
"723","Feb 27, 2024 00:07:24.436927000 PST",,,,,,,,,,,,
"724","Feb 27, 2024 00:07:24.438149000 PST",,,,,,,,,,,,
"725","Feb 27, 2024 00:07:24.438149000 PST",,,,,,,,,,,,
"726","Feb 27, 2024 00:07:24.438210000 PST",,,,,,,,,,,,
"727","Feb 27, 2024 00:07:24.438511000 PST",,,,,,,,,,,,
"728","Feb 27, 2024 00:07:27.727708000 PST","192.168.254.9","51.104.164.114","49952","443",,,,,,,,
"729","Feb 27, 2024 00:07:27.904004000 PST","51.104.164.114","192.168.254.9","443","49952",,,,,,,,
"730","Feb 27, 2024 00:07:27.904073000 PST","192.168.254.9","51.104.164.114","49952","443",,,,,,,,
"731","Feb 27, 2024 00:07:27.904537000 PST","192.168.254.9","51.104.164.114","49952","443",,,,,,,,
"732","Feb 27, 2024 00:07:28.079590000 PST","51.104.164.114","192.168.254.9","443","49952",,,,,,,,
"733","Feb 27, 2024 00:07:28.079590000 PST","51.104.164.114","192.168.254.9","443","49952",,,,,,,,
"734","Feb 27, 2024 00:07:28.079763000 PST","192.168.254.9","51.104.164.114","49952","443",,,,,,,,
"735","Feb 27, 2024 00:07:28.091123000 PST","192.168.254.9","51.104.164.114","49952","443",,,,,,,,
"736","Feb 27, 2024 00:07:28.268316000 PST","51.104.164.114","192.168.254.9","443","49952",,,,,,,,
"737","Feb 27, 2024 00:07:28.268316000 PST","51.104.164.114","192.168.254.9","443","49952",,,,,,,,
"738","Feb 27, 2024 00:07:28.268484000 PST","192.168.254.9","51.104.164.114","49952","443",,,,,,,,
"739","Feb 27, 2024 00:07:28.271196000 PST","192.168.254.9","51.104.164.114","49952","443",,,,,,,,
"740","Feb 27, 2024 00:07:28.271408000 PST","192.168.254.9","51.104.164.114","49952","443",,,,,,,,
"741","Feb 27, 2024 00:07:28.271588000 PST","192.168.254.9","51.104.164.114","49952","443",,,,,,,,
"742","Feb 27, 2024 00:07:28.271816000 PST","192.168.254.9","51.104.164.114","49952","443",,,,,,,,
"743","Feb 27, 2024 00:07:28.446797000 PST","51.104.164.114","192.168.254.9","443","49952",,,,,,,,
"744","Feb 27, 2024 00:07:28.446797000 PST","51.104.164.114","192.168.254.9","443","49952",,,,,,,,
"745","Feb 27, 2024 00:07:28.446797000 PST","51.104.164.114","192.168.254.9","443","49952",,,,,,,,
"746","Feb 27, 2024 00:07:28.446797000 PST","51.104.164.114","192.168.254.9","443","49952",,,,,,,,
"747","Feb 27, 2024 00:07:28.446899000 PST","192.168.254.9","51.104.164.114","49952","443",,,,,,,,
"748","Feb 27, 2024 00:07:29.444148000 PST",,,,,,,,,,,,
"749","Feb 27, 2024 00:07:29.444295000 PST",,,,,,,,,,,,
"750","Feb 27, 2024 00:07:29.546380000 PST",,,,,,,,,,,,
"751","Feb 27, 2024 00:07:29.547478000 PST",,,,,,,,,,,,
"752","Feb 27, 2024 00:07:29.548596000 PST",,,,,,,,,,,,
"753","Feb 27, 2024 00:07:29.551997000 PST",,,,,,,,,,,,
"754","Feb 27, 2024 00:07:29.552053000 PST",,,,,,,,,,,,
"755","Feb 27, 2024 00:07:29.676673000 PST","192.168.254.9","192.168.254.254",,,"52347","53",,,,,"self.events.data.microsoft.com",
"756","Feb 27, 2024 00:07:29.686340000 PST","192.168.254.254","192.168.254.9",,,"53","52347",,,,,"self.events.data.microsoft.com","20.189.173.16"
"757","Feb 27, 2024 00:07:29.689655000 PST","192.168.254.9","20.189.173.16","49953","443",,,,,,,,
"758","Feb 27, 2024 00:07:30.023260000 PST","20.189.173.16","192.168.254.9","443","49953",,,,,,,,
"759","Feb 27, 2024 00:07:30.023407000 PST","192.168.254.9","20.189.173.16","49953","443",,,,,,,,
"760","Feb 27, 2024 00:07:30.028397000 PST","192.168.254.9","20.189.173.16","49953","443",,,,,,,,
"761","Feb 27, 2024 00:07:30.362229000 PST","20.189.173.16","192.168.254.9","443","49953",,,,,,,,
"762","Feb 27, 2024 00:07:30.362229000 PST","20.189.173.16","192.168.254.9","443","49953",,,,,,,,
"763","Feb 27, 2024 00:07:30.362386000 PST","192.168.254.9","20.189.173.16","49953","443",,,,,,,,
"764","Feb 27, 2024 00:07:30.362820000 PST","20.189.173.16","192.168.254.9","443","49953",,,,,,,,
"765","Feb 27, 2024 00:07:30.362820000 PST","20.189.173.16","192.168.254.9","443","49953",,,,,,,,
"766","Feb 27, 2024 00:07:30.362909000 PST","192.168.254.9","20.189.173.16","49953","443",,,,,,,,
"767","Feb 27, 2024 00:07:30.364621000 PST","20.189.173.16","192.168.254.9","443","49953",,,,,,,,
"768","Feb 27, 2024 00:07:30.364716000 PST","192.168.254.9","20.189.173.16","49953","443",,,,,,,,
"769","Feb 27, 2024 00:07:30.400765000 PST","192.168.254.9","20.189.173.16","49953","443",,,,,,,,
"770","Feb 27, 2024 00:07:30.735784000 PST","20.189.173.16","192.168.254.9","443","49953",,,,,,,,
"771","Feb 27, 2024 00:07:30.735839000 PST","192.168.254.9","20.189.173.16","49953","443",,,,,,,,
"772","Feb 27, 2024 00:07:30.737335000 PST","192.168.254.9","20.189.173.16","49953","443",,,,,,,,
"773","Feb 27, 2024 00:07:30.737399000 PST","192.168.254.9","20.189.173.16","49953","443",,,,,,,,
"774","Feb 27, 2024 00:07:30.737399000 PST","192.168.254.9","20.189.173.16","49953","443",,,,,,,,
"775","Feb 27, 2024 00:07:30.737399000 PST","192.168.254.9","20.189.173.16","49953","443",,,,,,,,
"776","Feb 27, 2024 00:07:31.071397000 PST","20.189.173.16","192.168.254.9","443","49953",,,,,,,,
"777","Feb 27, 2024 00:07:31.071397000 PST","20.189.173.16","192.168.254.9","443","49953",,,,,,,,
"778","Feb 27, 2024 00:07:31.071397000 PST","20.189.173.16","192.168.254.9","443","49953",,,,,,,,
"779","Feb 27, 2024 00:07:31.071498000 PST","192.168.254.9","20.189.173.16","49953","443",,,,,,,,
"780","Feb 27, 2024 00:07:33.074560000 PST","192.168.254.9","20.189.173.16","49953","443",,,,,,,,
"781","Feb 27, 2024 00:07:33.074716000 PST","192.168.254.9","20.189.173.16","49953","443",,,,,,,,
"782","Feb 27, 2024 00:07:33.405893000 PST","20.189.173.16","192.168.254.9","443","49953",,,,,,,,
"783","Feb 27, 2024 00:07:33.409221000 PST","20.189.173.16","192.168.254.9","443","49953",,,,,,,,
"784","Feb 27, 2024 00:07:33.409362000 PST","192.168.254.9","20.189.173.16","49953","443",,,,,,,,
"785","Feb 27, 2024 00:07:34.454403000 PST",,,,,,,,,,,,
"786","Feb 27, 2024 00:07:34.455429000 PST",,,,,,,,,,,,
"787","Feb 27, 2024 00:07:34.456455000 PST",,,,,,,,,,,,
"788","Feb 27, 2024 00:07:34.457756000 PST",,,,,,,,,,,,
"789","Feb 27, 2024 00:07:34.457756000 PST",,,,,,,,,,,,
"790","Feb 27, 2024 00:07:34.457792000 PST",,,,,,,,,,,,
"791","Feb 27, 2024 00:07:34.457961000 PST",,,,,,,,,,,,
"792","Feb 27, 2024 00:07:35.730691000 PST","192.168.254.9","20.189.173.16","49953","443",,,,,,,,
"793","Feb 27, 2024 00:07:39.464492000 PST",,,,,,,,,,,,
"794","Feb 27, 2024 00:07:39.465628000 PST",,,,,,,,,,,,
"795","Feb 27, 2024 00:07:39.466649000 PST",,,,,,,,,,,,
"796","Feb 27, 2024 00:07:39.467852000 PST",,,,,,,,,,,,
"797","Feb 27, 2024 00:07:39.467852000 PST",,,,,,,,,,,,
"798","Feb 27, 2024 00:07:39.467915000 PST",,,,,,,,,,,,
"799","Feb 27, 2024 00:07:39.468181000 PST",,,,,,,,,,,,
"800","Feb 27, 2024 00:07:44.474804000 PST",,,,,,,,,,,,
"801","Feb 27, 2024 00:07:44.475941000 PST",,,,,,,,,,,,
"802","Feb 27, 2024 00:07:44.476957000 PST",,,,,,,,,,,,
"803","Feb 27, 2024 00:07:44.477970000 PST",,,,,,,,,,,,
"804","Feb 27, 2024 00:07:44.477970000 PST",,,,,,,,,,,,
"805","Feb 27, 2024 00:07:44.478032000 PST",,,,,,,,,,,,
"806","Feb 27, 2024 00:07:44.478326000 PST",,,,,,,,,,,,
"807","Feb 27, 2024 00:07:49.484338000 PST",,,,,,,,,,,,
"808","Feb 27, 2024 00:07:49.487471000 PST",,,,,,,,,,,,
"809","Feb 27, 2024 00:07:49.488533000 PST",,,,,,,,,,,,
"810","Feb 27, 2024 00:07:49.489920000 PST",,,,,,,,,,,,
"811","Feb 27, 2024 00:07:49.489920000 PST",,,,,,,,,,,,
"812","Feb 27, 2024 00:07:49.489958000 PST",,,,,,,,,,,,
"813","Feb 27, 2024 00:07:49.490123000 PST",,,,,,,,,,,,
"814","Feb 27, 2024 00:07:54.496176000 PST",,,,,,,,,,,,
"815","Feb 27, 2024 00:07:54.496326000 PST",,,,,,,,,,,,
"816","Feb 27, 2024 00:07:54.528178000 PST",,,,,,,,,,,,
"817","Feb 27, 2024 00:07:54.529209000 PST",,,,,,,,,,,,
"818","Feb 27, 2024 00:07:54.531624000 PST",,,,,,,,,,,,
"819","Feb 27, 2024 00:07:54.532909000 PST",,,,,,,,,,,,
"820","Feb 27, 2024 00:07:54.532983000 PST",,,,,,,,,,,,
"821","Feb 27, 2024 00:07:54.538651000 PST","192.168.254.254","192.168.254.9",,,"53851","137",,,,,,
"822","Feb 27, 2024 00:07:54.539037000 PST","192.168.254.9","192.168.254.254",,,"137","53851",,,,,,
"823","Feb 27, 2024 00:07:59.504573000 PST",,,,,,,,,,,,
"824","Feb 27, 2024 00:07:59.505732000 PST",,,,,,,,,,,,
"825","Feb 27, 2024 00:07:59.506741000 PST",,,,,,,,,,,,
"826","Feb 27, 2024 00:07:59.507949000 PST",,,,,,,,,,,,
"827","Feb 27, 2024 00:07:59.507949000 PST",,,,,,,,,,,,
"828","Feb 27, 2024 00:07:59.508001000 PST",,,,,,,,,,,,
"829","Feb 27, 2024 00:07:59.508245000 PST",,,,,,,,,,,,
"830","Feb 27, 2024 00:08:02.334688000 PST","192.168.254.9","20.198.119.143","49721","443",,,,,,,,
"831","Feb 27, 2024 00:08:02.504503000 PST","20.198.119.143","192.168.254.9","443","49721",,,,,,,,
"832","Feb 27, 2024 00:08:02.550197000 PST","192.168.254.9","20.198.119.143","49721","443",,,,,,,,
"833","Feb 27, 2024 00:08:04.514844000 PST",,,,,,,,,,,,
"834","Feb 27, 2024 00:08:04.515936000 PST",,,,,,,,,,,,
"835","Feb 27, 2024 00:08:04.517234000 PST",,,,,,,,,,,,
"836","Feb 27, 2024 00:08:04.517957000 PST",,,,,,,,,,,,
"837","Feb 27, 2024 00:08:04.517993000 PST",,,,,,,,,,,,
"838","Feb 27, 2024 00:08:04.520000000 PST",,,,,,,,,,,,
"839","Feb 27, 2024 00:08:04.520108000 PST",,,,,,,,,,,,
"840","Feb 27, 2024 00:08:07.332365000 PST",,,,,,,,,,,,
"841","Feb 27, 2024 00:08:07.336835000 PST",,,,,,,,,,,,
"842","Feb 27, 2024 00:08:09.332571000 PST",,,,,,,,,,,,
"843","Feb 27, 2024 00:08:09.335712000 PST",,,,,,,,,,,,
"844","Feb 27, 2024 00:08:09.527326000 PST",,,,,,,,,,,,
"845","Feb 27, 2024 00:08:09.527365000 PST",,,,,,,,,,,,
"846","Feb 27, 2024 00:08:09.580969000 PST",,,,,,,,,,,,
"847","Feb 27, 2024 00:08:09.582044000 PST",,,,,,,,,,,,
"848","Feb 27, 2024 00:08:09.582900000 PST",,,,,,,,,,,,
"849","Feb 27, 2024 00:08:09.586403000 PST",,,,,,,,,,,,
"850","Feb 27, 2024 00:08:09.586451000 PST",,,,,,,,,,,,
"851","Feb 27, 2024 00:08:14.534536000 PST",,,,,,,,,,,,
"852","Feb 27, 2024 00:08:14.535854000 PST",,,,,,,,,,,,
"853","Feb 27, 2024 00:08:14.536862000 PST",,,,,,,,,,,,
"854","Feb 27, 2024 00:08:14.538047000 PST",,,,,,,,,,,,
"855","Feb 27, 2024 00:08:14.538047000 PST",,,,,,,,,,,,
"856","Feb 27, 2024 00:08:14.538108000 PST",,,,,,,,,,,,
"857","Feb 27, 2024 00:08:14.538310000 PST",,,,,,,,,,,,
"858","Feb 27, 2024 00:08:15.317686000 PST","192.168.254.9","192.168.254.255",,,"138","138",,,,,,
"859","Feb 27, 2024 00:08:19.544655000 PST",,,,,,,,,,,,
"860","Feb 27, 2024 00:08:19.545695000 PST",,,,,,,,,,,,
"861","Feb 27, 2024 00:08:19.546704000 PST",,,,,,,,,,,,
"862","Feb 27, 2024 00:08:19.548199000 PST",,,,,,,,,,,,
"863","Feb 27, 2024 00:08:19.548199000 PST",,,,,,,,,,,,
"864","Feb 27, 2024 00:08:19.548261000 PST",,,,,,,,,,,,
"865","Feb 27, 2024 00:08:19.548569000 PST",,,,,,,,,,,,
"866","Feb 27, 2024 00:08:24.554394000 PST",,,,,,,,,,,,
"867","Feb 27, 2024 00:08:24.554487000 PST",,,,,,,,,,,,
"868","Feb 27, 2024 00:08:24.633616000 PST",,,,,,,,,,,,
"869","Feb 27, 2024 00:08:24.634846000 PST",,,,,,,,,,,,
"870","Feb 27, 2024 00:08:24.636348000 PST",,,,,,,,,,,,
"871","Feb 27, 2024 00:08:24.640001000 PST",,,,,,,,,,,,
"872","Feb 27, 2024 00:08:24.640038000 PST",,,,,,,,,,,,
"873","Feb 27, 2024 00:08:29.564163000 PST",,,,,,,,,,,,
"874","Feb 27, 2024 00:08:29.564222000 PST",,,,,,,,,,,,
"875","Feb 27, 2024 00:08:29.651713000 PST",,,,,,,,,,,,
"876","Feb 27, 2024 00:08:29.652773000 PST",,,,,,,,,,,,
"877","Feb 27, 2024 00:08:29.655132000 PST",,,,,,,,,,,,
"878","Feb 27, 2024 00:08:29.656174000 PST",,,,,,,,,,,,
"879","Feb 27, 2024 00:08:29.656191000 PST",,,,,,,,,,,,
